repository_full_name,title,number,review_decision,created_at,closed_at,merged_at,merged_by,author,additions,total_comments_count
pagopa/io-cgn,Version Packages,3,APPROVED,2024-10-28T09:54:44Z,2024-10-28T09:56:48Z,2024-10-28T09:56:48Z,"{""avatar_url"":""https://avatars.githubusercontent.com/u/15191694?u=0e5506a42cad2dec4c2477bd05efa200f74c432f\u0026v=4"",""login"":""michaeldisaro"",""url"":""https://github.com/michaeldisaro""}","{""avatar_url"":""https://avatars.githubusercontent.com/in/15368?v=4"",""login"":""github-actions"",""url"":""https://github.com/apps/github-actions""}",18,0
pagopa/io-cgn,[#PE-728] Added MerchantsSearch function,2,REVIEW_REQUIRED,2024-10-25T13:00:40Z,2024-10-25T14:34:34Z,2024-10-25T14:34:34Z,"{""avatar_url"":""https://avatars.githubusercontent.com/u/15191694?u=0e5506a42cad2dec4c2477bd05efa200f74c432f\u0026v=4"",""login"":""michaeldisaro"",""url"":""https://github.com/michaeldisaro""}","{""avatar_url"":""https://avatars.githubusercontent.com/u/15191694?u=0e5506a42cad2dec4c2477bd05efa200f74c432f\u0026v=4"",""login"":""michaeldisaro"",""url"":""https://github.com/michaeldisaro""}",418,0
pagopa/io-cgn,[FIX] Added barbatrick to allow app to wait for eyca async activation,8,REVIEW_REQUIRED,2024-10-30T14:06:52Z,2024-10-30T14:29:41Z,2024-10-30T14:29:41Z,"{""avatar_url"":""https://avatars.githubusercontent.com/u/15191694?u=0e5506a42cad2dec4c2477bd05efa200f74c432f\u0026v=4"",""login"":""michaeldisaro"",""url"":""https://github.com/michaeldisaro""}","{""avatar_url"":""https://avatars.githubusercontent.com/u/15191694?u=0e5506a42cad2dec4c2477bd05efa200f74c432f\u0026v=4"",""login"":""michaeldisaro"",""url"":""https://github.com/michaeldisaro""}",86,0
pagopa/io-cgn,[#PE-718] Fixed some issues,6,REVIEW_REQUIRED,2024-10-30T10:26:59Z,2024-10-30T10:44:12Z,2024-10-30T10:44:12Z,"{""avatar_url"":""https://avatars.githubusercontent.com/u/15191694?u=0e5506a42cad2dec4c2477bd05efa200f74c432f\u0026v=4"",""login"":""michaeldisaro"",""url"":""https://github.com/michaeldisaro""}","{""avatar_url"":""https://avatars.githubusercontent.com/u/15191694?u=0e5506a42cad2dec4c2477bd05efa200f74c432f\u0026v=4"",""login"":""michaeldisaro"",""url"":""https://github.com/michaeldisaro""}",254,0
pagopa/io-cgn,[#PE-890] Added private endpoint,43,REVIEW_REQUIRED,2025-01-09T14:32:18Z,2025-01-09T16:06:16Z,2025-01-09T16:06:16Z,"{""avatar_url"":""https://avatars.githubusercontent.com/u/15191694?u=0e5506a42cad2dec4c2477bd05efa200f74c432f\u0026v=4"",""login"":""michaeldisaro"",""url"":""https://github.com/michaeldisaro""}","{""avatar_url"":""https://avatars.githubusercontent.com/u/15191694?u=0e5506a42cad2dec4c2477bd05efa200f74c432f\u0026v=4"",""login"":""michaeldisaro"",""url"":""https://github.com/michaeldisaro""}",157,3
pagopa/io-cgn,Version Packages,7,APPROVED,2024-10-30T10:44:55Z,2024-10-30T10:45:59Z,2024-10-30T10:45:59Z,"{""avatar_url"":""https://avatars.githubusercontent.com/u/15191694?u=0e5506a42cad2dec4c2477bd05efa200f74c432f\u0026v=4"",""login"":""michaeldisaro"",""url"":""https://github.com/michaeldisaro""}","{""avatar_url"":""https://avatars.githubusercontent.com/in/15368?v=4"",""login"":""github-actions"",""url"":""https://github.com/apps/github-actions""}",7,0
pagopa/io-cgn,fixed trigger queue name,5,REVIEW_REQUIRED,2024-10-28T14:22:58Z,2024-10-28T14:23:27Z,2024-10-28T14:23:27Z,"{""avatar_url"":""https://avatars.githubusercontent.com/u/15191694?u=0e5506a42cad2dec4c2477bd05efa200f74c432f\u0026v=4"",""login"":""michaeldisaro"",""url"":""https://github.com/michaeldisaro""}","{""avatar_url"":""https://avatars.githubusercontent.com/u/15191694?u=0e5506a42cad2dec4c2477bd05efa200f74c432f\u0026v=4"",""login"":""michaeldisaro"",""url"":""https://github.com/michaeldisaro""}",1,0
pagopa/io-cgn,Version Packages,12,APPROVED,2024-10-31T11:07:23Z,2024-10-31T11:09:52Z,2024-10-31T11:09:52Z,"{""avatar_url"":""https://avatars.githubusercontent.com/u/15191694?u=0e5506a42cad2dec4c2477bd05efa200f74c432f\u0026v=4"",""login"":""michaeldisaro"",""url"":""https://github.com/michaeldisaro""}","{""avatar_url"":""https://avatars.githubusercontent.com/in/15368?v=4"",""login"":""github-actions"",""url"":""https://github.com/apps/github-actions""}",7,0
pagopa/io-cgn,Version Packages,4,APPROVED,2024-10-28T11:12:00Z,2024-10-28T11:12:42Z,2024-10-28T11:12:42Z,"{""avatar_url"":""https://avatars.githubusercontent.com/u/15191694?u=0e5506a42cad2dec4c2477bd05efa200f74c432f\u0026v=4"",""login"":""michaeldisaro"",""url"":""https://github.com/michaeldisaro""}","{""avatar_url"":""https://avatars.githubusercontent.com/in/15368?v=4"",""login"":""github-actions"",""url"":""https://github.com/apps/github-actions""}",7,0
pagopa/io-cgn,[#PE-716] Import functions cgn to ITN with new queue based implementation,1,REVIEW_REQUIRED,2024-10-03T07:24:28Z,2024-10-25T14:38:34Z,2024-10-25T14:38:34Z,"{""avatar_url"":""https://avatars.githubusercontent.com/u/15191694?u=0e5506a42cad2dec4c2477bd05efa200f74c432f\u0026v=4"",""login"":""michaeldisaro"",""url"":""https://github.com/michaeldisaro""}","{""avatar_url"":""https://avatars.githubusercontent.com/u/15191694?u=0e5506a42cad2dec4c2477bd05efa200f74c432f\u0026v=4"",""login"":""michaeldisaro"",""url"":""https://github.com/michaeldisaro""}",9107,1
pagopa/io-cgn,Version Packages,39,APPROVED,2025-01-03T08:21:40Z,2025-01-03T08:24:52Z,2025-01-03T08:24:52Z,"{""avatar_url"":""https://avatars.githubusercontent.com/u/15191694?u=0e5506a42cad2dec4c2477bd05efa200f74c432f\u0026v=4"",""login"":""michaeldisaro"",""url"":""https://github.com/michaeldisaro""}","{""avatar_url"":""https://avatars.githubusercontent.com/in/15368?v=4"",""login"":""github-actions"",""url"":""https://github.com/apps/github-actions""}",21,0
pagopa/io-cgn,[#IOBP-1488] Added env vars for identity check,75,REVIEW_REQUIRED,2025-03-31T14:37:24Z,2025-03-31T14:45:24Z,2025-03-31T14:45:24Z,"{""avatar_url"":""https://avatars.githubusercontent.com/u/15191694?u=0e5506a42cad2dec4c2477bd05efa200f74c432f\u0026v=4"",""login"":""michaeldisaro"",""url"":""https://github.com/michaeldisaro""}","{""avatar_url"":""https://avatars.githubusercontent.com/u/15191694?u=0e5506a42cad2dec4c2477bd05efa200f74c432f\u0026v=4"",""login"":""michaeldisaro"",""url"":""https://github.com/michaeldisaro""}",73,2
pagopa/io-cgn,[#PE-626] Added numberOfNewDiscounts property to merchants' search APIs,32,REVIEW_REQUIRED,2024-12-20T16:34:34Z,2024-12-20T16:39:16Z,2024-12-20T16:39:16Z,"{""avatar_url"":""https://avatars.githubusercontent.com/u/15191694?u=0e5506a42cad2dec4c2477bd05efa200f74c432f\u0026v=4"",""login"":""michaeldisaro"",""url"":""https://github.com/michaeldisaro""}","{""avatar_url"":""https://avatars.githubusercontent.com/u/15191694?u=0e5506a42cad2dec4c2477bd05efa200f74c432f\u0026v=4"",""login"":""michaeldisaro"",""url"":""https://github.com/michaeldisaro""}",125,0
pagopa/io-cgn,Version Packages,28,APPROVED,2024-12-11T09:16:15Z,2024-12-11T09:18:01Z,2024-12-11T09:18:01Z,"{""avatar_url"":""https://avatars.githubusercontent.com/u/15191694?u=0e5506a42cad2dec4c2477bd05efa200f74c432f\u0026v=4"",""login"":""michaeldisaro"",""url"":""https://github.com/michaeldisaro""}","{""avatar_url"":""https://avatars.githubusercontent.com/in/15368?v=4"",""login"":""github-actions"",""url"":""https://github.com/apps/github-actions""}",22,0
pagopa/io-cgn,Version Packages,9,APPROVED,2024-10-30T14:30:27Z,2024-10-30T14:34:27Z,2024-10-30T14:34:27Z,"{""avatar_url"":""https://avatars.githubusercontent.com/u/15191694?u=0e5506a42cad2dec4c2477bd05efa200f74c432f\u0026v=4"",""login"":""michaeldisaro"",""url"":""https://github.com/michaeldisaro""}","{""avatar_url"":""https://avatars.githubusercontent.com/in/15368?v=4"",""login"":""github-actions"",""url"":""https://github.com/apps/github-actions""}",7,0
pagopa/io-cgn,[PE-881] Allow WEU resources reach ITN app services private endpoints,44,APPROVED,2025-01-10T10:42:45Z,2025-01-10T13:40:29Z,2025-01-10T13:40:29Z,"{""avatar_url"":""https://avatars.githubusercontent.com/u/15191694?u=0e5506a42cad2dec4c2477bd05efa200f74c432f\u0026v=4"",""login"":""michaeldisaro"",""url"":""https://github.com/michaeldisaro""}","{""avatar_url"":""https://avatars.githubusercontent.com/u/43080407?u=f4f5e9be92234e9907cbab3858965432ece32eed\u0026v=4"",""login"":""christian-calabrese"",""url"":""https://github.com/christian-calabrese""}",37,2
pagopa/io-cgn,[#IOBP-1416] Added infra for func-support,65,REVIEW_REQUIRED,2025-03-11T13:11:13Z,2025-03-11T13:23:37Z,2025-03-11T13:23:37Z,"{""avatar_url"":""https://avatars.githubusercontent.com/u/15191694?u=0e5506a42cad2dec4c2477bd05efa200f74c432f\u0026v=4"",""login"":""michaeldisaro"",""url"":""https://github.com/michaeldisaro""}","{""avatar_url"":""https://avatars.githubusercontent.com/u/15191694?u=0e5506a42cad2dec4c2477bd05efa200f74c432f\u0026v=4"",""login"":""michaeldisaro"",""url"":""https://github.com/michaeldisaro""}",261,1
pagopa/io-cgn,[#PE-777] Added postgres connection string,29,REVIEW_REQUIRED,2024-12-11T11:06:30Z,2024-12-11T13:30:25Z,2024-12-11T13:30:24Z,"{""avatar_url"":""https://avatars.githubusercontent.com/u/15191694?u=0e5506a42cad2dec4c2477bd05efa200f74c432f\u0026v=4"",""login"":""michaeldisaro"",""url"":""https://github.com/michaeldisaro""}","{""avatar_url"":""https://avatars.githubusercontent.com/u/15191694?u=0e5506a42cad2dec4c2477bd05efa200f74c432f\u0026v=4"",""login"":""michaeldisaro"",""url"":""https://github.com/michaeldisaro""}",13,2
pagopa/io-cgn,fix: identity for pe app deployment,27,APPROVED,2024-12-09T16:15:28Z,2024-12-09T16:18:11Z,2024-12-09T16:18:11Z,"{""avatar_url"":""https://avatars.githubusercontent.com/u/15191694?u=0e5506a42cad2dec4c2477bd05efa200f74c432f\u0026v=4"",""login"":""michaeldisaro"",""url"":""https://github.com/michaeldisaro""}","{""avatar_url"":""https://avatars.githubusercontent.com/u/43080407?u=f4f5e9be92234e9907cbab3858965432ece32eed\u0026v=4"",""login"":""christian-calabrese"",""url"":""https://github.com/christian-calabrese""}",2,0
pagopa/io-cgn,[#PE-776] Added onboarding portal backend app service to pe infra,31,REVIEW_REQUIRED,2024-12-12T13:55:37Z,2024-12-12T14:13:37Z,2024-12-12T14:13:37Z,"{""avatar_url"":""https://avatars.githubusercontent.com/u/15191694?u=0e5506a42cad2dec4c2477bd05efa200f74c432f\u0026v=4"",""login"":""michaeldisaro"",""url"":""https://github.com/michaeldisaro""}","{""avatar_url"":""https://avatars.githubusercontent.com/u/15191694?u=0e5506a42cad2dec4c2477bd05efa200f74c432f\u0026v=4"",""login"":""michaeldisaro"",""url"":""https://github.com/michaeldisaro""}",801,2
pagopa/io-cgn,Version Packages,51,APPROVED,2025-01-22T13:08:23Z,2025-01-22T15:38:36Z,2025-01-22T15:38:35Z,"{""avatar_url"":""https://avatars.githubusercontent.com/u/15191694?u=0e5506a42cad2dec4c2477bd05efa200f74c432f\u0026v=4"",""login"":""michaeldisaro"",""url"":""https://github.com/michaeldisaro""}","{""avatar_url"":""https://avatars.githubusercontent.com/in/15368?v=4"",""login"":""github-actions"",""url"":""https://github.com/apps/github-actions""}",7,0
pagopa/io-cgn,Version Packages,33,APPROVED,2024-12-20T16:40:03Z,2024-12-20T16:41:57Z,2024-12-20T16:41:57Z,"{""avatar_url"":""https://avatars.githubusercontent.com/u/15191694?u=0e5506a42cad2dec4c2477bd05efa200f74c432f\u0026v=4"",""login"":""michaeldisaro"",""url"":""https://github.com/michaeldisaro""}","{""avatar_url"":""https://avatars.githubusercontent.com/in/15368?v=4"",""login"":""github-actions"",""url"":""https://github.com/apps/github-actions""}",7,0
pagopa/io-cgn,"[#PE-794] Tech Debt reduction: update cosmos sdk, removed unused deps, update linter. ",40,REVIEW_REQUIRED,2025-01-03T09:45:00Z,2025-01-08T13:03:27Z,2025-01-08T13:03:27Z,"{""avatar_url"":""https://avatars.githubusercontent.com/u/15191694?u=0e5506a42cad2dec4c2477bd05efa200f74c432f\u0026v=4"",""login"":""michaeldisaro"",""url"":""https://github.com/michaeldisaro""}","{""avatar_url"":""https://avatars.githubusercontent.com/u/15191694?u=0e5506a42cad2dec4c2477bd05efa200f74c432f\u0026v=4"",""login"":""michaeldisaro"",""url"":""https://github.com/michaeldisaro""}",5251,0
pagopa/io-cgn,[#PE-730] Search endpoint fixes and new Count endpoint,10,REVIEW_REQUIRED,2024-10-31T10:55:10Z,2024-10-31T10:59:17Z,2024-10-31T10:59:17Z,"{""avatar_url"":""https://avatars.githubusercontent.com/u/15191694?u=0e5506a42cad2dec4c2477bd05efa200f74c432f\u0026v=4"",""login"":""michaeldisaro"",""url"":""https://github.com/michaeldisaro""}","{""avatar_url"":""https://avatars.githubusercontent.com/u/15191694?u=0e5506a42cad2dec4c2477bd05efa200f74c432f\u0026v=4"",""login"":""michaeldisaro"",""url"":""https://github.com/michaeldisaro""}",280,0
pagopa/io-cgn,[#IOBP-1416] Added support functions,66,REVIEW_REQUIRED,2025-03-13T14:55:03Z,2025-03-13T15:48:10Z,2025-03-13T15:48:10Z,"{""avatar_url"":""https://avatars.githubusercontent.com/u/15191694?u=0e5506a42cad2dec4c2477bd05efa200f74c432f\u0026v=4"",""login"":""michaeldisaro"",""url"":""https://github.com/michaeldisaro""}","{""avatar_url"":""https://avatars.githubusercontent.com/u/15191694?u=0e5506a42cad2dec4c2477bd05efa200f74c432f\u0026v=4"",""login"":""michaeldisaro"",""url"":""https://github.com/michaeldisaro""}",2373,0
pagopa/io-cgn,[#PE-602] New application insights and error tracking,38,REVIEW_REQUIRED,2025-01-02T12:27:45Z,2025-01-03T08:20:44Z,2025-01-03T08:20:44Z,"{""avatar_url"":""https://avatars.githubusercontent.com/u/15191694?u=0e5506a42cad2dec4c2477bd05efa200f74c432f\u0026v=4"",""login"":""michaeldisaro"",""url"":""https://github.com/michaeldisaro""}","{""avatar_url"":""https://avatars.githubusercontent.com/u/15191694?u=0e5506a42cad2dec4c2477bd05efa200f74c432f\u0026v=4"",""login"":""michaeldisaro"",""url"":""https://github.com/michaeldisaro""}",1905,0
pagopa/io-cgn,Extracted result from array,13,REVIEW_REQUIRED,2024-11-04T09:14:48Z,2024-11-04T10:09:50Z,2024-11-04T10:09:50Z,"{""avatar_url"":""https://avatars.githubusercontent.com/u/15191694?u=0e5506a42cad2dec4c2477bd05efa200f74c432f\u0026v=4"",""login"":""michaeldisaro"",""url"":""https://github.com/michaeldisaro""}","{""avatar_url"":""https://avatars.githubusercontent.com/u/15191694?u=0e5506a42cad2dec4c2477bd05efa200f74c432f\u0026v=4"",""login"":""michaeldisaro"",""url"":""https://github.com/michaeldisaro""}",14,0
pagopa/io-cgn,[PE-881] Allow WEU resources reach ITN app services private endpoints in prod,45,APPROVED,2025-01-15T10:42:40Z,2025-01-15T11:00:28Z,2025-01-15T11:00:28Z,"{""avatar_url"":""https://avatars.githubusercontent.com/u/15191694?u=0e5506a42cad2dec4c2477bd05efa200f74c432f\u0026v=4"",""login"":""michaeldisaro"",""url"":""https://github.com/michaeldisaro""}","{""avatar_url"":""https://avatars.githubusercontent.com/u/43080407?u=f4f5e9be92234e9907cbab3858965432ece32eed\u0026v=4"",""login"":""christian-calabrese"",""url"":""https://github.com/christian-calabrese""}",53,2
pagopa/io-cgn,"[#PE-777] Imported attribute authority code, updated to node 20 and cleaned",20,REVIEW_REQUIRED,2024-11-25T15:18:34Z,2024-11-27T09:17:56Z,2024-11-27T09:17:56Z,"{""avatar_url"":""https://avatars.githubusercontent.com/u/15191694?u=0e5506a42cad2dec4c2477bd05efa200f74c432f\u0026v=4"",""login"":""michaeldisaro"",""url"":""https://github.com/michaeldisaro""}","{""avatar_url"":""https://avatars.githubusercontent.com/u/15191694?u=0e5506a42cad2dec4c2477bd05efa200f74c432f\u0026v=4"",""login"":""michaeldisaro"",""url"":""https://github.com/michaeldisaro""}",3016,0
pagopa/io-cgn,[#PE-934] Updated java to 21,52,REVIEW_REQUIRED,2025-01-30T09:49:06Z,2025-02-03T10:12:46Z,2025-02-03T10:12:46Z,"{""avatar_url"":""https://avatars.githubusercontent.com/u/15191694?u=0e5506a42cad2dec4c2477bd05efa200f74c432f\u0026v=4"",""login"":""michaeldisaro"",""url"":""https://github.com/michaeldisaro""}","{""avatar_url"":""https://avatars.githubusercontent.com/u/15191694?u=0e5506a42cad2dec4c2477bd05efa200f74c432f\u0026v=4"",""login"":""michaeldisaro"",""url"":""https://github.com/michaeldisaro""}",79,2
pagopa/io-cgn,Version Packages,34,APPROVED,2024-12-23T13:50:24Z,2024-12-23T13:51:14Z,2024-12-23T13:51:14Z,"{""avatar_url"":""https://avatars.githubusercontent.com/u/15191694?u=0e5506a42cad2dec4c2477bd05efa200f74c432f\u0026v=4"",""login"":""michaeldisaro"",""url"":""https://github.com/michaeldisaro""}","{""avatar_url"":""https://avatars.githubusercontent.com/in/15368?v=4"",""login"":""github-actions"",""url"":""https://github.com/apps/github-actions""}",7,0
pagopa/io-cgn,Fix node webapp deploy workflow azure login,46,APPROVED,2025-01-20T13:35:02Z,2025-01-20T13:54:40Z,2025-01-20T13:54:40Z,"{""avatar_url"":""https://avatars.githubusercontent.com/u/15191694?u=0e5506a42cad2dec4c2477bd05efa200f74c432f\u0026v=4"",""login"":""michaeldisaro"",""url"":""https://github.com/michaeldisaro""}","{""avatar_url"":""https://avatars.githubusercontent.com/u/43080407?u=f4f5e9be92234e9907cbab3858965432ece32eed\u0026v=4"",""login"":""christian-calabrese"",""url"":""https://github.com/christian-calabrese""}",1,0
pagopa/io-cgn,Version Packages,67,APPROVED,2025-03-13T15:49:09Z,2025-03-13T15:55:49Z,2025-03-13T15:55:49Z,"{""avatar_url"":""https://avatars.githubusercontent.com/u/15191694?u=0e5506a42cad2dec4c2477bd05efa200f74c432f\u0026v=4"",""login"":""michaeldisaro"",""url"":""https://github.com/michaeldisaro""}","{""avatar_url"":""https://avatars.githubusercontent.com/in/15368?v=4"",""login"":""github-actions"",""url"":""https://github.com/apps/github-actions""}",2,0
pagopa/io-cgn,[#PE-950] Saved usage_datetime for discount bucket code during update,59,REVIEW_REQUIRED,2025-02-19T10:11:16Z,2025-02-19T10:26:26Z,2025-02-19T10:26:26Z,"{""avatar_url"":""https://avatars.githubusercontent.com/u/15191694?u=0e5506a42cad2dec4c2477bd05efa200f74c432f\u0026v=4"",""login"":""michaeldisaro"",""url"":""https://github.com/michaeldisaro""}","{""avatar_url"":""https://avatars.githubusercontent.com/u/15191694?u=0e5506a42cad2dec4c2477bd05efa200f74c432f\u0026v=4"",""login"":""michaeldisaro"",""url"":""https://github.com/michaeldisaro""}",1,0
pagopa/io-cgn,Version Packages,11,APPROVED,2024-10-31T10:59:59Z,2024-10-31T11:04:21Z,2024-10-31T11:04:21Z,"{""avatar_url"":""https://avatars.githubusercontent.com/u/15191694?u=0e5506a42cad2dec4c2477bd05efa200f74c432f\u0026v=4"",""login"":""michaeldisaro"",""url"":""https://github.com/michaeldisaro""}","{""avatar_url"":""https://avatars.githubusercontent.com/in/15368?v=4"",""login"":""github-actions"",""url"":""https://github.com/apps/github-actions""}",7,0
pagopa/io-cgn,Version Packages,14,APPROVED,2024-11-04T10:10:31Z,2024-11-04T10:58:50Z,2024-11-04T10:58:50Z,"{""avatar_url"":""https://avatars.githubusercontent.com/u/15191694?u=0e5506a42cad2dec4c2477bd05efa200f74c432f\u0026v=4"",""login"":""michaeldisaro"",""url"":""https://github.com/michaeldisaro""}","{""avatar_url"":""https://avatars.githubusercontent.com/in/15368?v=4"",""login"":""github-actions"",""url"":""https://github.com/apps/github-actions""}",7,0
pagopa/io-cgn,[FIX] Fixed app insights env vars,21,REVIEW_REQUIRED,2024-11-27T13:16:19Z,2024-11-27T13:19:11Z,2024-11-27T13:19:11Z,"{""avatar_url"":""https://avatars.githubusercontent.com/u/15191694?u=0e5506a42cad2dec4c2477bd05efa200f74c432f\u0026v=4"",""login"":""michaeldisaro"",""url"":""https://github.com/michaeldisaro""}","{""avatar_url"":""https://avatars.githubusercontent.com/u/15191694?u=0e5506a42cad2dec4c2477bd05efa200f74c432f\u0026v=4"",""login"":""michaeldisaro"",""url"":""https://github.com/michaeldisaro""}",26,0
pagopa/io-cgn,Add owner role to manage locks on cgn-pe resource group in cicd identities,57,APPROVED,2025-02-14T09:31:47Z,2025-02-14T09:36:38Z,2025-02-14T09:36:38Z,"{""avatar_url"":""https://avatars.githubusercontent.com/u/15191694?u=0e5506a42cad2dec4c2477bd05efa200f74c432f\u0026v=4"",""login"":""michaeldisaro"",""url"":""https://github.com/michaeldisaro""}","{""avatar_url"":""https://avatars.githubusercontent.com/u/43080407?u=f4f5e9be92234e9907cbab3858965432ece32eed\u0026v=4"",""login"":""christian-calabrese"",""url"":""https://github.com/christian-calabrese""}",4,0
pagopa/io-cgn,[#PE-878] Fixed card messages,35,REVIEW_REQUIRED,2024-12-23T14:31:14Z,2024-12-23T15:01:06Z,2024-12-23T15:01:06Z,"{""avatar_url"":""https://avatars.githubusercontent.com/u/15191694?u=0e5506a42cad2dec4c2477bd05efa200f74c432f\u0026v=4"",""login"":""michaeldisaro"",""url"":""https://github.com/michaeldisaro""}","{""avatar_url"":""https://avatars.githubusercontent.com/u/15191694?u=0e5506a42cad2dec4c2477bd05efa200f74c432f\u0026v=4"",""login"":""michaeldisaro"",""url"":""https://github.com/michaeldisaro""}",15,0
pagopa/io-cgn,Version Packages,22,APPROVED,2024-11-27T13:21:45Z,2024-11-27T13:23:15Z,2024-11-27T13:23:15Z,"{""avatar_url"":""https://avatars.githubusercontent.com/u/15191694?u=0e5506a42cad2dec4c2477bd05efa200f74c432f\u0026v=4"",""login"":""michaeldisaro"",""url"":""https://github.com/michaeldisaro""}","{""avatar_url"":""https://avatars.githubusercontent.com/in/15368?v=4"",""login"":""github-actions"",""url"":""https://github.com/apps/github-actions""}",7,0
pagopa/io-cgn,[#IOBP-1376] New ITN APIM,68,REVIEW_REQUIRED,2025-03-14T14:29:59Z,2025-09-03T14:34:26Z,2025-09-03T14:34:26Z,"{""avatar_url"":""https://avatars.githubusercontent.com/u/15191694?u=0e5506a42cad2dec4c2477bd05efa200f74c432f\u0026v=4"",""login"":""michaeldisaro"",""url"":""https://github.com/michaeldisaro""}","{""avatar_url"":""https://avatars.githubusercontent.com/u/15191694?u=0e5506a42cad2dec4c2477bd05efa200f74c432f\u0026v=4"",""login"":""michaeldisaro"",""url"":""https://github.com/michaeldisaro""}",142,14
pagopa/io-cgn,Pin azure/login action to a65d910,49,APPROVED,2025-01-21T05:46:20Z,2025-01-29T10:45:34Z,2025-01-29T10:45:34Z,"{""avatar_url"":""https://avatars.githubusercontent.com/u/15191694?u=0e5506a42cad2dec4c2477bd05efa200f74c432f\u0026v=4"",""login"":""michaeldisaro"",""url"":""https://github.com/michaeldisaro""}","{""avatar_url"":""https://avatars.githubusercontent.com/u/57742367?v=4"",""login"":""renovate-pagopa"",""url"":""https://github.com/apps/renovate-pagopa""}",1,0
pagopa/io-cgn,[PE-910] Fixed query on associations post switch to pg16,47,REVIEW_REQUIRED,2025-01-20T14:47:53Z,2025-01-20T14:54:46Z,2025-01-20T14:54:46Z,"{""avatar_url"":""https://avatars.githubusercontent.com/u/15191694?u=0e5506a42cad2dec4c2477bd05efa200f74c432f\u0026v=4"",""login"":""michaeldisaro"",""url"":""https://github.com/michaeldisaro""}","{""avatar_url"":""https://avatars.githubusercontent.com/u/15191694?u=0e5506a42cad2dec4c2477bd05efa200f74c432f\u0026v=4"",""login"":""michaeldisaro"",""url"":""https://github.com/michaeldisaro""}",14,0
pagopa/io-cgn,Version Packages,15,APPROVED,2024-11-04T16:52:21Z,2024-11-04T16:53:27Z,2024-11-04T16:53:27Z,"{""avatar_url"":""https://avatars.githubusercontent.com/u/15191694?u=0e5506a42cad2dec4c2477bd05efa200f74c432f\u0026v=4"",""login"":""michaeldisaro"",""url"":""https://github.com/michaeldisaro""}","{""avatar_url"":""https://avatars.githubusercontent.com/in/15368?v=4"",""login"":""github-actions"",""url"":""https://github.com/apps/github-actions""}",7,0
pagopa/io-cgn,[#PE-924] Added github action and frontend submodule,60,REVIEW_REQUIRED,2025-02-28T15:19:37Z,2025-02-28T15:20:22Z,2025-02-28T15:20:22Z,"{""avatar_url"":""https://avatars.githubusercontent.com/u/15191694?u=0e5506a42cad2dec4c2477bd05efa200f74c432f\u0026v=4"",""login"":""michaeldisaro"",""url"":""https://github.com/michaeldisaro""}","{""avatar_url"":""https://avatars.githubusercontent.com/u/15191694?u=0e5506a42cad2dec4c2477bd05efa200f74c432f\u0026v=4"",""login"":""michaeldisaro"",""url"":""https://github.com/michaeldisaro""}",152,0
pagopa/io-cgn,Pin dependencies,30,APPROVED,2024-12-12T05:46:56Z,2025-01-08T13:09:11Z,2025-01-08T13:09:11Z,"{""avatar_url"":""https://avatars.githubusercontent.com/u/15191694?u=0e5506a42cad2dec4c2477bd05efa200f74c432f\u0026v=4"",""login"":""michaeldisaro"",""url"":""https://github.com/michaeldisaro""}","{""avatar_url"":""https://avatars.githubusercontent.com/u/57742367?v=4"",""login"":""renovate-pagopa"",""url"":""https://github.com/apps/renovate-pagopa""}",4,0
pagopa/io-cgn,"[#PE-925, #PE-927] Added ITN storages, cdn profile and endpoints for cgn portal frontend",58,REVIEW_REQUIRED,2025-02-19T09:40:29Z,2025-02-19T10:12:57Z,2025-02-19T10:12:57Z,"{""avatar_url"":""https://avatars.githubusercontent.com/u/15191694?u=0e5506a42cad2dec4c2477bd05efa200f74c432f\u0026v=4"",""login"":""michaeldisaro"",""url"":""https://github.com/michaeldisaro""}","{""avatar_url"":""https://avatars.githubusercontent.com/u/15191694?u=0e5506a42cad2dec4c2477bd05efa200f74c432f\u0026v=4"",""login"":""michaeldisaro"",""url"":""https://github.com/michaeldisaro""}",156,2
pagopa/io-cgn,Version Packages,36,APPROVED,2024-12-23T15:01:51Z,2024-12-23T15:52:35Z,2024-12-23T15:52:35Z,"{""avatar_url"":""https://avatars.githubusercontent.com/u/15191694?u=0e5506a42cad2dec4c2477bd05efa200f74c432f\u0026v=4"",""login"":""michaeldisaro"",""url"":""https://github.com/michaeldisaro""}","{""avatar_url"":""https://avatars.githubusercontent.com/in/15368?v=4"",""login"":""github-actions"",""url"":""https://github.com/apps/github-actions""}",7,0
pagopa/io-cgn,Version Packages,48,APPROVED,2025-01-20T14:55:39Z,2025-01-20T14:56:40Z,2025-01-20T14:56:40Z,"{""avatar_url"":""https://avatars.githubusercontent.com/u/15191694?u=0e5506a42cad2dec4c2477bd05efa200f74c432f\u0026v=4"",""login"":""michaeldisaro"",""url"":""https://github.com/michaeldisaro""}","{""avatar_url"":""https://avatars.githubusercontent.com/in/15368?v=4"",""login"":""github-actions"",""url"":""https://github.com/apps/github-actions""}",7,0
pagopa/io-cgn,Version Packages,25,APPROVED,2024-12-05T14:33:24Z,2024-12-05T14:34:23Z,2024-12-05T14:34:23Z,"{""avatar_url"":""https://avatars.githubusercontent.com/u/15191694?u=0e5506a42cad2dec4c2477bd05efa200f74c432f\u0026v=4"",""login"":""michaeldisaro"",""url"":""https://github.com/michaeldisaro""}","{""avatar_url"":""https://avatars.githubusercontent.com/in/15368?v=4"",""login"":""github-actions"",""url"":""https://github.com/apps/github-actions""}",7,0
pagopa/io-cgn,[#PE-802] Postgres migration to ITN,23,REVIEW_REQUIRED,2024-11-29T14:46:30Z,2024-12-02T11:08:32Z,2024-12-02T11:08:32Z,"{""avatar_url"":""https://avatars.githubusercontent.com/u/15191694?u=0e5506a42cad2dec4c2477bd05efa200f74c432f\u0026v=4"",""login"":""michaeldisaro"",""url"":""https://github.com/michaeldisaro""}","{""avatar_url"":""https://avatars.githubusercontent.com/u/15191694?u=0e5506a42cad2dec4c2477bd05efa200f74c432f\u0026v=4"",""login"":""michaeldisaro"",""url"":""https://github.com/michaeldisaro""}",295,2
pagopa/io-cgn,[#IOBP-1437] Enabled shared access key,69,REVIEW_REQUIRED,2025-03-18T13:47:26Z,2025-03-18T15:19:53Z,2025-03-18T15:19:53Z,"{""avatar_url"":""https://avatars.githubusercontent.com/u/15191694?u=0e5506a42cad2dec4c2477bd05efa200f74c432f\u0026v=4"",""login"":""michaeldisaro"",""url"":""https://github.com/michaeldisaro""}","{""avatar_url"":""https://avatars.githubusercontent.com/u/15191694?u=0e5506a42cad2dec4c2477bd05efa200f74c432f\u0026v=4"",""login"":""michaeldisaro"",""url"":""https://github.com/michaeldisaro""}",2,0
pagopa/io-cgn,[HOTFIX] Fixed dropped columns,16,REVIEW_REQUIRED,2024-11-06T16:08:54Z,2024-11-06T16:30:32Z,2024-11-06T16:30:32Z,"{""avatar_url"":""https://avatars.githubusercontent.com/u/15191694?u=0e5506a42cad2dec4c2477bd05efa200f74c432f\u0026v=4"",""login"":""michaeldisaro"",""url"":""https://github.com/michaeldisaro""}","{""avatar_url"":""https://avatars.githubusercontent.com/u/15191694?u=0e5506a42cad2dec4c2477bd05efa200f74c432f\u0026v=4"",""login"":""michaeldisaro"",""url"":""https://github.com/michaeldisaro""}",9,0
pagopa/io-cgn,Version Packages,41,APPROVED,2025-01-08T13:04:19Z,2025-01-08T13:08:35Z,2025-01-08T13:08:35Z,"{""avatar_url"":""https://avatars.githubusercontent.com/u/15191694?u=0e5506a42cad2dec4c2477bd05efa200f74c432f\u0026v=4"",""login"":""michaeldisaro"",""url"":""https://github.com/michaeldisaro""}","{""avatar_url"":""https://avatars.githubusercontent.com/in/15368?v=4"",""login"":""github-actions"",""url"":""https://github.com/apps/github-actions""}",29,0
pagopa/io-cgn,Fix gh runner environments,37,APPROVED,2024-12-23T17:40:42Z,2025-01-08T10:17:47Z,2025-01-08T10:17:47Z,"{""avatar_url"":""https://avatars.githubusercontent.com/u/15191694?u=0e5506a42cad2dec4c2477bd05efa200f74c432f\u0026v=4"",""login"":""michaeldisaro"",""url"":""https://github.com/michaeldisaro""}","{""avatar_url"":""https://avatars.githubusercontent.com/u/43080407?u=f4f5e9be92234e9907cbab3858965432ece32eed\u0026v=4"",""login"":""christian-calabrese"",""url"":""https://github.com/christian-calabrese""}",47,2
pagopa/io-cgn,[#PE-991] Added optional fullName to get merchant response,61,REVIEW_REQUIRED,2025-03-04T13:35:26Z,2025-03-04T14:00:05Z,2025-03-04T14:00:05Z,"{""avatar_url"":""https://avatars.githubusercontent.com/u/15191694?u=0e5506a42cad2dec4c2477bd05efa200f74c432f\u0026v=4"",""login"":""michaeldisaro"",""url"":""https://github.com/michaeldisaro""}","{""avatar_url"":""https://avatars.githubusercontent.com/u/15191694?u=0e5506a42cad2dec4c2477bd05efa200f74c432f\u0026v=4"",""login"":""michaeldisaro"",""url"":""https://github.com/michaeldisaro""}",16,0
pagopa/io-cgn,[#PE-851] Fixed Redis ping interval and connections,26,REVIEW_REQUIRED,2024-12-09T15:30:00Z,2024-12-11T09:15:16Z,2024-12-11T09:15:16Z,"{""avatar_url"":""https://avatars.githubusercontent.com/u/15191694?u=0e5506a42cad2dec4c2477bd05efa200f74c432f\u0026v=4"",""login"":""michaeldisaro"",""url"":""https://github.com/michaeldisaro""}","{""avatar_url"":""https://avatars.githubusercontent.com/u/15191694?u=0e5506a42cad2dec4c2477bd05efa200f74c432f\u0026v=4"",""login"":""michaeldisaro"",""url"":""https://github.com/michaeldisaro""}",103,0
pagopa/io-cgn,feat: add vpn configuration,24,APPROVED,2024-12-03T10:34:28Z,2024-12-09T08:23:41Z,2024-12-09T08:23:41Z,"{""avatar_url"":""https://avatars.githubusercontent.com/u/15191694?u=0e5506a42cad2dec4c2477bd05efa200f74c432f\u0026v=4"",""login"":""michaeldisaro"",""url"":""https://github.com/michaeldisaro""}","{""avatar_url"":""https://avatars.githubusercontent.com/u/43080407?u=f4f5e9be92234e9907cbab3858965432ece32eed\u0026v=4"",""login"":""christian-calabrese"",""url"":""https://github.com/christian-calabrese""}",285,2
pagopa/io-cgn,Version Packages,62,APPROVED,2025-03-04T14:00:59Z,2025-03-04T14:04:05Z,2025-03-04T14:04:04Z,"{""avatar_url"":""https://avatars.githubusercontent.com/u/15191694?u=0e5506a42cad2dec4c2477bd05efa200f74c432f\u0026v=4"",""login"":""michaeldisaro"",""url"":""https://github.com/michaeldisaro""}","{""avatar_url"":""https://avatars.githubusercontent.com/in/15368?v=4"",""login"":""github-actions"",""url"":""https://github.com/apps/github-actions""}",7,0
pagopa/io-cgn,[#PE-932] Created common plan and new subnets for cgn functions,53,REVIEW_REQUIRED,2025-02-05T16:18:43Z,2025-02-05T16:22:21Z,2025-02-05T16:22:20Z,"{""avatar_url"":""https://avatars.githubusercontent.com/u/15191694?u=0e5506a42cad2dec4c2477bd05efa200f74c432f\u0026v=4"",""login"":""michaeldisaro"",""url"":""https://github.com/michaeldisaro""}","{""avatar_url"":""https://avatars.githubusercontent.com/u/15191694?u=0e5506a42cad2dec4c2477bd05efa200f74c432f\u0026v=4"",""login"":""michaeldisaro"",""url"":""https://github.com/michaeldisaro""}",139,1
pagopa/io-cgn,[#IOBP-1439] Parameterized reviewers team for app cd env,70,REVIEW_REQUIRED,2025-03-19T13:42:36Z,2025-03-19T14:29:55Z,2025-03-19T14:29:55Z,"{""avatar_url"":""https://avatars.githubusercontent.com/u/15191694?u=0e5506a42cad2dec4c2477bd05efa200f74c432f\u0026v=4"",""login"":""michaeldisaro"",""url"":""https://github.com/michaeldisaro""}","{""avatar_url"":""https://avatars.githubusercontent.com/u/15191694?u=0e5506a42cad2dec4c2477bd05efa200f74c432f\u0026v=4"",""login"":""michaeldisaro"",""url"":""https://github.com/michaeldisaro""}",11,0
pagopa/io-cgn,Version Packages,17,APPROVED,2024-11-06T16:31:25Z,2024-11-06T16:44:55Z,2024-11-06T16:44:54Z,"{""avatar_url"":""https://avatars.githubusercontent.com/u/15191694?u=0e5506a42cad2dec4c2477bd05efa200f74c432f\u0026v=4"",""login"":""michaeldisaro"",""url"":""https://github.com/michaeldisaro""}","{""avatar_url"":""https://avatars.githubusercontent.com/in/15368?v=4"",""login"":""github-actions"",""url"":""https://github.com/apps/github-actions""}",7,0
pagopa/io-cgn,Pin dependencies,19,APPROVED,2024-11-22T05:46:47Z,2024-11-29T14:37:21Z,2024-11-29T14:37:21Z,"{""avatar_url"":""https://avatars.githubusercontent.com/u/15191694?u=0e5506a42cad2dec4c2477bd05efa200f74c432f\u0026v=4"",""login"":""michaeldisaro"",""url"":""https://github.com/michaeldisaro""}","{""avatar_url"":""https://avatars.githubusercontent.com/u/57742367?v=4"",""login"":""renovate-pagopa"",""url"":""https://github.com/apps/renovate-pagopa""}",19,0
pagopa/io-cgn,[#PE-791] Added alerts for apis exposed to App IO,63,REVIEW_REQUIRED,2025-03-07T11:10:39Z,2025-03-07T14:37:37Z,2025-03-07T14:37:37Z,"{""avatar_url"":""https://avatars.githubusercontent.com/u/15191694?u=0e5506a42cad2dec4c2477bd05efa200f74c432f\u0026v=4"",""login"":""michaeldisaro"",""url"":""https://github.com/michaeldisaro""}","{""avatar_url"":""https://avatars.githubusercontent.com/u/15191694?u=0e5506a42cad2dec4c2477bd05efa200f74c432f\u0026v=4"",""login"":""michaeldisaro"",""url"":""https://github.com/michaeldisaro""}",266,1
pagopa/io-cgn,[#PE-932] Added new functions under shared plan,54,REVIEW_REQUIRED,2025-02-05T16:48:07Z,2025-02-06T11:15:59Z,2025-02-06T11:15:59Z,"{""avatar_url"":""https://avatars.githubusercontent.com/u/15191694?u=0e5506a42cad2dec4c2477bd05efa200f74c432f\u0026v=4"",""login"":""michaeldisaro"",""url"":""https://github.com/michaeldisaro""}","{""avatar_url"":""https://avatars.githubusercontent.com/u/15191694?u=0e5506a42cad2dec4c2477bd05efa200f74c432f\u0026v=4"",""login"":""michaeldisaro"",""url"":""https://github.com/michaeldisaro""}",217,1
pagopa/io-cgn,Allow deploy cdn action to read and write on storage account,64,APPROVED,2025-03-10T15:53:31Z,2025-03-10T16:20:05Z,2025-03-10T16:20:05Z,"{""avatar_url"":""https://avatars.githubusercontent.com/u/15191694?u=0e5506a42cad2dec4c2477bd05efa200f74c432f\u0026v=4"",""login"":""michaeldisaro"",""url"":""https://github.com/michaeldisaro""}","{""avatar_url"":""https://avatars.githubusercontent.com/u/43080407?u=f4f5e9be92234e9907cbab3858965432ece32eed\u0026v=4"",""login"":""christian-calabrese"",""url"":""https://github.com/christian-calabrese""}",26,0
pagopa/io-cgn,[IOBP-1478] Moved fiscal code into body,71,REVIEW_REQUIRED,2025-03-24T12:47:58Z,2025-03-24T12:53:14Z,2025-03-24T12:53:14Z,"{""avatar_url"":""https://avatars.githubusercontent.com/u/15191694?u=0e5506a42cad2dec4c2477bd05efa200f74c432f\u0026v=4"",""login"":""michaeldisaro"",""url"":""https://github.com/michaeldisaro""}","{""avatar_url"":""https://avatars.githubusercontent.com/u/15191694?u=0e5506a42cad2dec4c2477bd05efa200f74c432f\u0026v=4"",""login"":""michaeldisaro"",""url"":""https://github.com/michaeldisaro""}",55,0
pagopa/io-cgn,[CES-587] Assign roles to entra groups and new managed identities,73,APPROVED,2025-03-24T15:45:31Z,2025-03-25T09:53:51Z,2025-03-25T09:53:51Z,"{""avatar_url"":""https://avatars.githubusercontent.com/u/7879858?u=39cd39edcfaf1dce8678b8b00441e162532a93af\u0026v=4"",""login"":""Krusty93"",""url"":""https://github.com/Krusty93""}","{""avatar_url"":""https://avatars.githubusercontent.com/u/7879858?u=39cd39edcfaf1dce8678b8b00441e162532a93af\u0026v=4"",""login"":""Krusty93"",""url"":""https://github.com/Krusty93""}",395,1
pagopa/io-cgn,[#PE785] Made supportX properties optional,50,REVIEW_REQUIRED,2025-01-22T12:57:25Z,2025-01-22T13:07:31Z,2025-01-22T13:07:31Z,"{""avatar_url"":""https://avatars.githubusercontent.com/u/15191694?u=0e5506a42cad2dec4c2477bd05efa200f74c432f\u0026v=4"",""login"":""michaeldisaro"",""url"":""https://github.com/michaeldisaro""}","{""avatar_url"":""https://avatars.githubusercontent.com/u/15191694?u=0e5506a42cad2dec4c2477bd05efa200f74c432f\u0026v=4"",""login"":""michaeldisaro"",""url"":""https://github.com/michaeldisaro""}",13,0
pagopa/io-cgn,Version Packages,42,APPROVED,2025-01-08T13:14:33Z,2025-01-08T13:16:11Z,2025-01-08T13:16:10Z,"{""avatar_url"":""https://avatars.githubusercontent.com/u/15191694?u=0e5506a42cad2dec4c2477bd05efa200f74c432f\u0026v=4"",""login"":""michaeldisaro"",""url"":""https://github.com/michaeldisaro""}","{""avatar_url"":""https://avatars.githubusercontent.com/in/15368?v=4"",""login"":""github-actions"",""url"":""https://github.com/apps/github-actions""}",28,0
pagopa/io-cgn,Version Packages,72,APPROVED,2025-03-24T12:54:19Z,2025-03-24T12:55:08Z,2025-03-24T12:55:08Z,"{""avatar_url"":""https://avatars.githubusercontent.com/u/15191694?u=0e5506a42cad2dec4c2477bd05efa200f74c432f\u0026v=4"",""login"":""michaeldisaro"",""url"":""https://github.com/michaeldisaro""}","{""avatar_url"":""https://avatars.githubusercontent.com/in/15368?v=4"",""login"":""github-actions"",""url"":""https://github.com/apps/github-actions""}",7,0
pagopa/io-cgn,Add engineering-team-cloud-eng to codeowners of infra paths,74,REVIEW_REQUIRED,2025-03-24T16:18:55Z,2025-03-25T08:53:00Z,2025-03-25T08:53:00Z,"{""avatar_url"":""https://avatars.githubusercontent.com/u/7879858?u=39cd39edcfaf1dce8678b8b00441e162532a93af\u0026v=4"",""login"":""Krusty93"",""url"":""https://github.com/Krusty93""}","{""avatar_url"":""https://avatars.githubusercontent.com/u/7879858?u=39cd39edcfaf1dce8678b8b00441e162532a93af\u0026v=4"",""login"":""Krusty93"",""url"":""https://github.com/Krusty93""}",2,1
pagopa/io-cgn,[#PE-777] Attribute Authority ITN infra migration,18,REVIEW_REQUIRED,2024-11-12T17:04:12Z,2024-11-29T14:35:35Z,2024-11-29T14:35:35Z,"{""avatar_url"":""https://avatars.githubusercontent.com/u/15191694?u=0e5506a42cad2dec4c2477bd05efa200f74c432f\u0026v=4"",""login"":""michaeldisaro"",""url"":""https://github.com/michaeldisaro""}","{""avatar_url"":""https://avatars.githubusercontent.com/u/15191694?u=0e5506a42cad2dec4c2477bd05efa200f74c432f\u0026v=4"",""login"":""michaeldisaro"",""url"":""https://github.com/michaeldisaro""}",2101,6
pagopa/io-cgn,[#PE-944] Removed cgn-xxx-01 functions,55,REVIEW_REQUIRED,2025-02-10T12:38:15Z,2025-02-10T13:11:54Z,2025-02-10T13:11:54Z,"{""avatar_url"":""https://avatars.githubusercontent.com/u/15191694?u=0e5506a42cad2dec4c2477bd05efa200f74c432f\u0026v=4"",""login"":""michaeldisaro"",""url"":""https://github.com/michaeldisaro""}","{""avatar_url"":""https://avatars.githubusercontent.com/u/15191694?u=0e5506a42cad2dec4c2477bd05efa200f74c432f\u0026v=4"",""login"":""michaeldisaro"",""url"":""https://github.com/michaeldisaro""}",0,1
pagopa/io-cgn,Added Contributor role on esercenti subscription to infra-io identity,56,APPROVED,2025-02-13T15:21:57Z,2025-02-13T15:36:36Z,2025-02-13T15:36:36Z,"{""avatar_url"":""https://avatars.githubusercontent.com/u/15191694?u=0e5506a42cad2dec4c2477bd05efa200f74c432f\u0026v=4"",""login"":""michaeldisaro"",""url"":""https://github.com/michaeldisaro""}","{""avatar_url"":""https://avatars.githubusercontent.com/u/43080407?u=f4f5e9be92234e9907cbab3858965432ece32eed\u0026v=4"",""login"":""christian-calabrese"",""url"":""https://github.com/christian-calabrese""}",16,3
pagopa/io-cgn,[#IOBP-2076] Imported legacy DNS Zones,100,REVIEW_REQUIRED,2025-10-17T09:25:34Z,2025-10-22T13:36:14Z,2025-10-22T13:36:14Z,"{""avatar_url"":""https://avatars.githubusercontent.com/u/15191694?u=0e5506a42cad2dec4c2477bd05efa200f74c432f\u0026v=4"",""login"":""michaeldisaro"",""url"":""https://github.com/michaeldisaro""}","{""avatar_url"":""https://avatars.githubusercontent.com/u/15191694?u=0e5506a42cad2dec4c2477bd05efa200f74c432f\u0026v=4"",""login"":""michaeldisaro"",""url"":""https://github.com/michaeldisaro""}",242,4
pagopa/io-cgn,Version Packages,96,APPROVED,2025-09-22T14:23:57Z,2025-09-22T14:24:49Z,2025-09-22T14:24:49Z,"{""avatar_url"":""https://avatars.githubusercontent.com/u/15191694?u=0e5506a42cad2dec4c2477bd05efa200f74c432f\u0026v=4"",""login"":""michaeldisaro"",""url"":""https://github.com/michaeldisaro""}","{""avatar_url"":""https://avatars.githubusercontent.com/in/15368?v=4"",""login"":""github-actions"",""url"":""https://github.com/apps/github-actions""}",7,0
pagopa/io-cgn,[#IOBP-1951] Added alerts for itn storage,86,REVIEW_REQUIRED,2025-08-27T10:01:01Z,2025-08-27T12:42:50Z,2025-08-27T12:42:50Z,"{""avatar_url"":""https://avatars.githubusercontent.com/u/15191694?u=0e5506a42cad2dec4c2477bd05efa200f74c432f\u0026v=4"",""login"":""michaeldisaro"",""url"":""https://github.com/michaeldisaro""}","{""avatar_url"":""https://avatars.githubusercontent.com/u/15191694?u=0e5506a42cad2dec4c2477bd05efa200f74c432f\u0026v=4"",""login"":""michaeldisaro"",""url"":""https://github.com/michaeldisaro""}",334,2
pagopa/io-cgn,[#IOBP-1488] Added env var,79,REVIEW_REQUIRED,2025-04-08T15:01:37Z,2025-04-08T15:48:28Z,2025-04-08T15:48:28Z,"{""avatar_url"":""https://avatars.githubusercontent.com/u/15191694?u=0e5506a42cad2dec4c2477bd05efa200f74c432f\u0026v=4"",""login"":""michaeldisaro"",""url"":""https://github.com/michaeldisaro""}","{""avatar_url"":""https://avatars.githubusercontent.com/u/15191694?u=0e5506a42cad2dec4c2477bd05efa200f74c432f\u0026v=4"",""login"":""michaeldisaro"",""url"":""https://github.com/michaeldisaro""}",18,2
pagopa/io-cgn,[#IOBP-1488] Added env vars,77,REVIEW_REQUIRED,2025-04-01T10:31:17Z,2025-04-01T10:41:21Z,2025-04-01T10:41:20Z,"{""avatar_url"":""https://avatars.githubusercontent.com/u/15191694?u=0e5506a42cad2dec4c2477bd05efa200f74c432f\u0026v=4"",""login"":""michaeldisaro"",""url"":""https://github.com/michaeldisaro""}","{""avatar_url"":""https://avatars.githubusercontent.com/u/15191694?u=0e5506a42cad2dec4c2477bd05efa200f74c432f\u0026v=4"",""login"":""michaeldisaro"",""url"":""https://github.com/michaeldisaro""}",36,2
pagopa/io-cgn,[#IOBP-1952] Moved alerts queries to io-p-itn-agw-01,87,REVIEW_REQUIRED,2025-08-27T14:53:40Z,2025-08-27T15:02:21Z,2025-08-27T15:02:21Z,"{""avatar_url"":""https://avatars.githubusercontent.com/u/15191694?u=0e5506a42cad2dec4c2477bd05efa200f74c432f\u0026v=4"",""login"":""michaeldisaro"",""url"":""https://github.com/michaeldisaro""}","{""avatar_url"":""https://avatars.githubusercontent.com/u/15191694?u=0e5506a42cad2dec4c2477bd05efa200f74c432f\u0026v=4"",""login"":""michaeldisaro"",""url"":""https://github.com/michaeldisaro""}",76,2
pagopa/io-cgn,[#IOBP-1488] Added OI base url secret,76,REVIEW_REQUIRED,2025-04-01T08:41:02Z,2025-04-01T08:46:36Z,2025-04-01T08:46:36Z,"{""avatar_url"":""https://avatars.githubusercontent.com/u/15191694?u=0e5506a42cad2dec4c2477bd05efa200f74c432f\u0026v=4"",""login"":""michaeldisaro"",""url"":""https://github.com/michaeldisaro""}","{""avatar_url"":""https://avatars.githubusercontent.com/u/15191694?u=0e5506a42cad2dec4c2477bd05efa200f74c432f\u0026v=4"",""login"":""michaeldisaro"",""url"":""https://github.com/michaeldisaro""}",18,2
pagopa/io-cgn,[#IOBP-1878] added storage,84,REVIEW_REQUIRED,2025-07-18T12:20:59Z,2025-07-22T08:51:59Z,2025-07-22T08:51:59Z,"{""avatar_url"":""https://avatars.githubusercontent.com/u/15191694?u=0e5506a42cad2dec4c2477bd05efa200f74c432f\u0026v=4"",""login"":""michaeldisaro"",""url"":""https://github.com/michaeldisaro""}","{""avatar_url"":""https://avatars.githubusercontent.com/u/15191694?u=0e5506a42cad2dec4c2477bd05efa200f74c432f\u0026v=4"",""login"":""michaeldisaro"",""url"":""https://github.com/michaeldisaro""}",1449,6
pagopa/io-cgn,[#IOBP-1613] Added new smaller redis for cgn purpose,82,REVIEW_REQUIRED,2025-05-14T13:00:47Z,2025-05-16T07:15:22Z,2025-05-16T07:15:22Z,"{""avatar_url"":""https://avatars.githubusercontent.com/u/15191694?u=0e5506a42cad2dec4c2477bd05efa200f74c432f\u0026v=4"",""login"":""michaeldisaro"",""url"":""https://github.com/michaeldisaro""}","{""avatar_url"":""https://avatars.githubusercontent.com/u/15191694?u=0e5506a42cad2dec4c2477bd05efa200f74c432f\u0026v=4"",""login"":""michaeldisaro"",""url"":""https://github.com/michaeldisaro""}",128,1
pagopa/io-cgn,Fix APIM StandardV2 networking issues,90,APPROVED,2025-09-09T14:05:23Z,2025-09-10T13:12:01Z,2025-09-10T13:12:01Z,"{""avatar_url"":""https://avatars.githubusercontent.com/u/15191694?u=0e5506a42cad2dec4c2477bd05efa200f74c432f\u0026v=4"",""login"":""michaeldisaro"",""url"":""https://github.com/michaeldisaro""}","{""avatar_url"":""https://avatars.githubusercontent.com/u/43080407?u=f4f5e9be92234e9907cbab3858965432ece32eed\u0026v=4"",""login"":""christian-calabrese"",""url"":""https://github.com/christian-calabrese""}",86,5
pagopa/io-cgn,updated deps,85,REVIEW_REQUIRED,2025-08-06T09:34:21Z,2025-09-22T13:33:59Z,<nil>,<nil>,"{""avatar_url"":""https://avatars.githubusercontent.com/u/15191694?u=0e5506a42cad2dec4c2477bd05efa200f74c432f\u0026v=4"",""login"":""michaeldisaro"",""url"":""https://github.com/michaeldisaro""}",61,0
pagopa/io-cgn,Fix subscription_id variable in Application Gateway,99,REVIEW_REQUIRED,2025-10-16T13:30:09Z,2025-10-16T14:14:12Z,2025-10-16T14:14:12Z,"{""avatar_url"":""https://avatars.githubusercontent.com/u/15191694?u=0e5506a42cad2dec4c2477bd05efa200f74c432f\u0026v=4"",""login"":""michaeldisaro"",""url"":""https://github.com/michaeldisaro""}","{""avatar_url"":""https://avatars.githubusercontent.com/u/43080407?u=f4f5e9be92234e9907cbab3858965432ece32eed\u0026v=4"",""login"":""christian-calabrese"",""url"":""https://github.com/christian-calabrese""}",6,4
pagopa/io-cgn,[#IOBP-1686] Added ENVIRONMENT env var,83,REVIEW_REQUIRED,2025-05-21T18:24:20Z,2025-05-21T18:37:34Z,2025-05-21T18:37:34Z,"{""avatar_url"":""https://avatars.githubusercontent.com/u/15191694?u=0e5506a42cad2dec4c2477bd05efa200f74c432f\u0026v=4"",""login"":""michaeldisaro"",""url"":""https://github.com/michaeldisaro""}","{""avatar_url"":""https://avatars.githubusercontent.com/u/15191694?u=0e5506a42cad2dec4c2477bd05efa200f74c432f\u0026v=4"",""login"":""michaeldisaro"",""url"":""https://github.com/michaeldisaro""}",8,2
pagopa/io-cgn,[#IOBP-1915] Created new ITN Frontdoor CDN,88,REVIEW_REQUIRED,2025-09-03T13:10:33Z,2025-09-03T14:04:53Z,2025-09-03T14:04:53Z,"{""avatar_url"":""https://avatars.githubusercontent.com/u/15191694?u=0e5506a42cad2dec4c2477bd05efa200f74c432f\u0026v=4"",""login"":""michaeldisaro"",""url"":""https://github.com/michaeldisaro""}","{""avatar_url"":""https://avatars.githubusercontent.com/u/15191694?u=0e5506a42cad2dec4c2477bd05efa200f74c432f\u0026v=4"",""login"":""michaeldisaro"",""url"":""https://github.com/michaeldisaro""}",332,4
pagopa/io-cgn,Switch CDN to new FrontDoor instance,92,REVIEW_REQUIRED,2025-09-10T14:25:00Z,2025-09-10T14:31:13Z,2025-09-10T14:31:13Z,"{""avatar_url"":""https://avatars.githubusercontent.com/u/15191694?u=0e5506a42cad2dec4c2477bd05efa200f74c432f\u0026v=4"",""login"":""michaeldisaro"",""url"":""https://github.com/michaeldisaro""}","{""avatar_url"":""https://avatars.githubusercontent.com/u/43080407?u=f4f5e9be92234e9907cbab3858965432ece32eed\u0026v=4"",""login"":""christian-calabrese"",""url"":""https://github.com/christian-calabrese""}",7,5
pagopa/io-cgn,[#IOBP-1954] Removed WEU cgn storage alerts,89,REVIEW_REQUIRED,2025-09-08T12:02:21Z,2025-09-08T12:07:42Z,2025-09-08T12:07:42Z,"{""avatar_url"":""https://avatars.githubusercontent.com/u/15191694?u=0e5506a42cad2dec4c2477bd05efa200f74c432f\u0026v=4"",""login"":""michaeldisaro"",""url"":""https://github.com/michaeldisaro""}","{""avatar_url"":""https://avatars.githubusercontent.com/u/15191694?u=0e5506a42cad2dec4c2477bd05efa200f74c432f\u0026v=4"",""login"":""michaeldisaro"",""url"":""https://github.com/michaeldisaro""}",0,2
pagopa/io-cgn,Added rewrites,97,REVIEW_REQUIRED,2025-10-09T09:48:32Z,<nil>,<nil>,<nil>,"{""avatar_url"":""https://avatars.githubusercontent.com/u/15191694?u=0e5506a42cad2dec4c2477bd05efa200f74c432f\u0026v=4"",""login"":""michaeldisaro"",""url"":""https://github.com/michaeldisaro""}",0,4
pagopa/io-cgn,[#IOBP-2012] Api GW migration to ITN,98,REVIEW_REQUIRED,2025-10-14T12:19:08Z,2025-10-16T12:43:55Z,2025-10-16T12:43:55Z,"{""avatar_url"":""https://avatars.githubusercontent.com/u/15191694?u=0e5506a42cad2dec4c2477bd05efa200f74c432f\u0026v=4"",""login"":""michaeldisaro"",""url"":""https://github.com/michaeldisaro""}","{""avatar_url"":""https://avatars.githubusercontent.com/u/15191694?u=0e5506a42cad2dec4c2477bd05efa200f74c432f\u0026v=4"",""login"":""michaeldisaro"",""url"":""https://github.com/michaeldisaro""}",490,6
pagopa/io-cgn,[#IOBP-1991] Added infra for apis and products,93,REVIEW_REQUIRED,2025-09-17T07:29:11Z,2025-09-18T10:38:55Z,2025-09-18T10:38:55Z,"{""avatar_url"":""https://avatars.githubusercontent.com/u/15191694?u=0e5506a42cad2dec4c2477bd05efa200f74c432f\u0026v=4"",""login"":""michaeldisaro"",""url"":""https://github.com/michaeldisaro""}","{""avatar_url"":""https://avatars.githubusercontent.com/u/15191694?u=0e5506a42cad2dec4c2477bd05efa200f74c432f\u0026v=4"",""login"":""michaeldisaro"",""url"":""https://github.com/michaeldisaro""}",628,4
pagopa/io-cgn,[#IOBP-1944] Refactored card-func to use new message api,95,REVIEW_REQUIRED,2025-09-22T10:14:14Z,2025-09-22T14:21:19Z,2025-09-22T14:21:19Z,"{""avatar_url"":""https://avatars.githubusercontent.com/u/15191694?u=0e5506a42cad2dec4c2477bd05efa200f74c432f\u0026v=4"",""login"":""michaeldisaro"",""url"":""https://github.com/michaeldisaro""}","{""avatar_url"":""https://avatars.githubusercontent.com/u/15191694?u=0e5506a42cad2dec4c2477bd05efa200f74c432f\u0026v=4"",""login"":""michaeldisaro"",""url"":""https://github.com/michaeldisaro""}",2646,0
pagopa/io-cgn,Parameterized min bucket csv rows,80,REVIEW_REQUIRED,2025-05-14T07:36:37Z,2025-05-14T07:44:02Z,2025-05-14T07:44:02Z,"{""avatar_url"":""https://avatars.githubusercontent.com/u/15191694?u=0e5506a42cad2dec4c2477bd05efa200f74c432f\u0026v=4"",""login"":""michaeldisaro"",""url"":""https://github.com/michaeldisaro""}","{""avatar_url"":""https://avatars.githubusercontent.com/u/15191694?u=0e5506a42cad2dec4c2477bd05efa200f74c432f\u0026v=4"",""login"":""michaeldisaro"",""url"":""https://github.com/michaeldisaro""}",8,2
pagopa/io-cgn,Added rules to itn cdn,91,REVIEW_REQUIRED,2025-09-09T14:35:20Z,2025-09-10T13:49:33Z,2025-09-10T13:49:33Z,"{""avatar_url"":""https://avatars.githubusercontent.com/u/15191694?u=0e5506a42cad2dec4c2477bd05efa200f74c432f\u0026v=4"",""login"":""michaeldisaro"",""url"":""https://github.com/michaeldisaro""}","{""avatar_url"":""https://avatars.githubusercontent.com/u/15191694?u=0e5506a42cad2dec4c2477bd05efa200f74c432f\u0026v=4"",""login"":""michaeldisaro"",""url"":""https://github.com/michaeldisaro""}",209,6
pagopa/io-cgn,[#IOBP-1488] Added OI well known,78,REVIEW_REQUIRED,2025-04-01T12:39:58Z,2025-04-01T12:43:08Z,2025-04-01T12:43:08Z,"{""avatar_url"":""https://avatars.githubusercontent.com/u/15191694?u=0e5506a42cad2dec4c2477bd05efa200f74c432f\u0026v=4"",""login"":""michaeldisaro"",""url"":""https://github.com/michaeldisaro""}","{""avatar_url"":""https://avatars.githubusercontent.com/u/15191694?u=0e5506a42cad2dec4c2477bd05efa200f74c432f\u0026v=4"",""login"":""michaeldisaro"",""url"":""https://github.com/michaeldisaro""}",18,2
pagopa/io-cgn,[FIX] Changed host for assets,94,REVIEW_REQUIRED,2025-09-18T10:37:28Z,2025-09-18T10:48:46Z,2025-09-18T10:48:46Z,"{""avatar_url"":""https://avatars.githubusercontent.com/u/15191694?u=0e5506a42cad2dec4c2477bd05efa200f74c432f\u0026v=4"",""login"":""michaeldisaro"",""url"":""https://github.com/michaeldisaro""}","{""avatar_url"":""https://avatars.githubusercontent.com/u/15191694?u=0e5506a42cad2dec4c2477bd05efa200f74c432f\u0026v=4"",""login"":""michaeldisaro"",""url"":""https://github.com/michaeldisaro""}",2,4
pagopa/io-cgn,[#IOBP-1645] Refactored cosmosdb client to be a singleton,81,REVIEW_REQUIRED,2025-05-14T11:53:30Z,2025-05-16T13:56:48Z,2025-05-16T13:56:48Z,"{""avatar_url"":""https://avatars.githubusercontent.com/u/15191694?u=0e5506a42cad2dec4c2477bd05efa200f74c432f\u0026v=4"",""login"":""michaeldisaro"",""url"":""https://github.com/michaeldisaro""}","{""avatar_url"":""https://avatars.githubusercontent.com/u/15191694?u=0e5506a42cad2dec4c2477bd05efa200f74c432f\u0026v=4"",""login"":""michaeldisaro"",""url"":""https://github.com/michaeldisaro""}",18,0
pagopa/io-cgn,[#IOBP-2159] Prescale and faster scaling rise for new bonus,102,REVIEW_REQUIRED,2025-11-05T08:57:32Z,2025-11-07T08:20:04Z,2025-11-07T08:20:04Z,"{""avatar_url"":""https://avatars.githubusercontent.com/u/15191694?u=0e5506a42cad2dec4c2477bd05efa200f74c432f\u0026v=4"",""login"":""michaeldisaro"",""url"":""https://github.com/michaeldisaro""}","{""avatar_url"":""https://avatars.githubusercontent.com/u/15191694?u=0e5506a42cad2dec4c2477bd05efa200f74c432f\u0026v=4"",""login"":""michaeldisaro"",""url"":""https://github.com/michaeldisaro""}",5,2
pagopa/io-cgn,Update CODEOWNERS to scope devex team to identity folders,101,APPROVED,2025-10-22T10:07:23Z,2025-10-22T13:38:20Z,2025-10-22T13:38:20Z,"{""avatar_url"":""https://avatars.githubusercontent.com/u/15191694?u=0e5506a42cad2dec4c2477bd05efa200f74c432f\u0026v=4"",""login"":""michaeldisaro"",""url"":""https://github.com/michaeldisaro""}","{""avatar_url"":""https://avatars.githubusercontent.com/u/4357400?u=6d380bf3132e73122854f8d5d04ecc1abb83c774\u0026v=4"",""login"":""lucacavallaro"",""url"":""https://github.com/lucacavallaro""}",2,0
